{
  "method": "v0.3.1",
  "overall": {
    "definitions": {
      "mean_f1": 0.48037240537240533,
      "std_f1": 0.29325261596054203
    },
    "concepts": {
      "mean_f1": 0.5480190099755318,
      "std_f1": 0.1530546748233748
    }
  },
  "per_domain": {
    "bio": {
      "definitions_f1": 0.7425396825396826,
      "concepts_f1": 0.5201581027667984
    },
    "hist": {
      "definitions_f1": 0.21820512820512822,
      "concepts_f1": 0.5758799171842649
    }
  }
}